cityid,city_name
1,Houston
2,San Antonio
3,Dallas
4,Austin
5,Fort Worth
6,El Paso
7,Arlington
8,Corpus Christi
9,Plano
10,Laredo
11,Lubbock
12,Garland
13,Irving
14,Amarillo
15,Grand Prairie
16,Brownsville
17,Pasadena
18,McKinney
19,Mesquite
20,McAllen
21,Killeen
22,Frisco
23,Waco
24,Carrollton
25,Denton
26,Midland
27,Abilene
28,Beaumont
29,Round Rock
30,Odessa
31,Wichita Falls
32,Tyler
33,Richardson
34,Lewisville
35,College Station
36,Pearland
37,San Angelo
38,The Woodlands (CDP)
39,Allen
40,League City
41,Sugar Land
42,Longview
43,Edinburg
44,Mission
45,Bryan
46,Baytown
47,Pharr
48,Temple
49,Missouri City
50,Flower Mound
51,Harlingen
52,Atascocita (CDP)
53,North Richland Hills
54,Victoria
55,Conroe
56,New Braunfels
57,Mansfield
58,Cedar Park
59,Rowlett
60,Spring (CDP)
61,Port Arthur
62,Euless
63,Georgetown
64,Pflugerville
65,DeSoto
66,San Marcos
67,Memphis
68,Boston
69,Seattle
70,Denver
71,Washington
72,Nashville
73,Baltimore
74,Louisville
75,Portland
76,Oklahoma City
77,Milwaukee
78,Las Vegas
79,Albuquerque
80,Tucson
81,Fresno
82,Sacramento
83,Long Beach
84,Kansas City
85,Mesa
86,Virginia Beach
87,Atlanta
88,Colorado Springs
89,Raleigh
90,Miami
91,Oakland
92,Tulsa
93,Minneapolis
94,Cleveland
95,Wichita
96,Chula Vista
97,Madison
98,Reno
99,Freemont
100,Anchorage
