countryid,country_name
1,United States Of America
2,South Korea
3,Vietnam
4,Switzerland
5,Ethiopia
6,Japan
7,Taiwan
8,Pakistan
9,Jordan
10,Italy
11,Barbados
12,Angola
13,Argentina
14,South Sudan
15,Poland
16,United Kingdom
17,Austria
18,Libya
19,Bahrain
20,South Africa
21,Palau
22,Macedonia
23,Canada
24,Papua New Guinea
25,Turkey
26,China
27,Macao
28,Germany
29,Nepal
30,Malaysia
31,Bhutan
32,Bermuda
33,Turkmenistan
34,Cuba
35,France
36,Iraq
37,Egypt
38,Turkmenistan
39,Cambodia
40,Trinidad and Tobago
41,Guyana
42,Azerbaijan
43,Estonia
44,Denmark
45,Montenegro
46,Fiji
47,Reunion
48,Somalia
49,Mexico
50,Zambia
51,Singapore
52,Austria
53,Columbia
54,Belarus
55,Poland
56,Laos
57,Phillipines
58,Russia
59,Trinidad and Tobago
60,C�te D'Ivoire (Ivory Coast)
61,Bahrain
62,Botswana
63,Yemen
64,Mongolia
65,Pitcairn Islands
66,Vanuatu
67,Burkina Faso
68,Hungary
69,Papua New Guinea
70,Syria
71,Saint Pierre and Miquelon
72,Switzerland
73,Cura�ao
74,Micronesia
75,Brazil
76,Comoros
77,El Salvador
78,Saint Pierre and Miquelon
79,Bulgaria
80,Comoros
81,Suriname
82,Kuwait
83,Montenegro
84,New Caledonia
85,Haiti
86,Samoa
87,Ecuador
88,Angola
89,Swaziland
90,Jersey
91,Romania
92,Puerto Rico
93,Burkina Faso
94,Mauritania
95,United Kingdom
96,Austria
97,Nepal
98,Ireland
99,Benin
100,Greece
