customerid,customeraddressid,fisrt_name,last_name,phone,email
1,1,Billie,Goodayle,656-877-3082,bgoodayle0@vkontakte.ru
2,2,Joelynn,Spitaro,699-138-9283,jspitaro1@chicagotribune.com
3,3,Fran,Bosnell,907-990-0658,fbosnell2@flickr.com
4,4,Colline,Kerrey,465-440-3248,ckerrey3@barnesandnoble.com
5,5,Stanleigh,Hurkett,240-783-0480,shurkett4@feedburner.com
6,6,Dirk,Morant,757-306-5464,dmorant5@engadget.com
7,7,Janka,Giorgietto,915-352-5805,jgiorgietto6@blogspot.com
8,8,Mac,Liddy,882-709-1641,mliddy7@mayoclinic.com
9,9,Sanders,Croix,917-165-2896,scroix8@opensource.org
10,10,Agnola,Kenna,191-494-4751,akenna9@prlog.org
11,11,Shayne,Cassley,737-339-1637,scassleya@latimes.com
12,12,Marley,Wolver,542-147-4447,mwolverb@theatlantic.com
13,13,Whittaker,Paik,250-764-7364,wpaikc@t-online.de
14,14,Ethelind,Ranyard,272-650-1551,eranyardd@tamu.edu
15,15,Harper,Glassman,228-973-4997,hglassmane@bravesites.com
16,16,Billie,Baudinet,674-565-1160,bbaudinetf@japanpost.jp
17,17,Othelia,Mulqueen,843-397-1632,omulqueeng@wired.com
18,18,Tiffani,Trethowan,460-257-3870,ttrethowanh@hp.com
19,19,Annetta,Ancliff,367-739-4263,aancliffi@foxnews.com
20,20,Teresina,Dioniso,988-826-0658,tdionisoj@simplemachines.org
21,21,Meg,Belshaw,624-758-4870,mbelshawk@tumblr.com
22,22,Gillan,Scudders,459-722-9886,gscuddersl@hhs.gov
23,23,Wally,Baybutt,961-931-1241,wbaybuttm@moonfruit.com
24,24,Floris,Hendonson,710-102-1636,fhendonsonn@instagram.com
25,25,Rutger,Sperski,920-341-0301,rsperskio@cdbaby.com
26,26,Addie,Iaduccelli,788-656-0666,aiaduccellip@list-manage.com
27,27,Van,Lescop,340-494-9667,vlescopq@privacy.gov.au
28,28,Diandra,Hunnawill,148-709-5515,dhunnawillr@blogger.com
29,29,Britt,Le Monnier,464-199-6045,blemonniers@netscape.com
30,30,Gardener,June,516-710-0818,gjunet@cyberchimps.com
31,31,Erminia,Owtram,672-808-6725,eowtramu@plala.or.jp
32,32,Alla,Coumbe,848-204-8344,acoumbev@amazon.com
33,33,Kim,Jewel,653-870-6293,kjewelw@businessinsider.com
34,34,Madelon,Haacker,350-750-0462,mhaackerx@independent.co.uk
35,35,Judye,Gussie,926-816-1738,jgussiey@arizona.edu
36,36,Christoph,Guilloud,654-902-8028,cguilloudz@amazon.co.jp
37,37,Ellie,Zoane,582-866-2135,ezoane10@ca.gov
38,38,Martica,Jannasch,784-136-1394,mjannasch11@telegraph.co.uk
39,39,Garrik,Letson,879-175-5435,gletson12@storify.com
40,40,Raquel,Loader,506-760-2979,rloader13@sciencedirect.com
41,41,Lindon,Sacher,298-509-3334,lsacher14@webs.com
42,42,Hubie,Jehaes,452-149-8029,hjehaes15@intel.com
43,43,Nancee,Patman,633-115-9334,npatman16@last.fm
44,44,Jemima,Harlock,925-182-6468,jharlock17@nationalgeographic.com
45,45,Gill,Gerry,807-401-6990,ggerry18@un.org
46,46,Adolf,Gartery,240-583-8628,agartery19@cbsnews.com
47,47,Doralia,Bohike,839-430-3742,dbohike1a@dropbox.com
48,48,Lacy,Gladman,357-505-9343,lgladman1b@utexas.edu
49,49,Truda,Stannard,776-960-7568,tstannard1c@tripadvisor.com
50,50,Michelina,Gresty,221-533-3481,mgresty1d@foxnews.com
51,51,Kirbee,Twitchett,989-442-1513,ktwitchett1e@mlb.com
52,52,Jonie,Sauvain,975-866-5684,jsauvain1f@t.co
53,53,Cad,MacAlinden,733-594-8929,cmacalinden1g@miitbeian.gov.cn
54,54,Emlyn,Daud,258-178-6756,edaud1h@ucsd.edu
55,55,Maighdiln,Seers,851-342-2798,mseers1i@si.edu
56,56,Norry,Waszczykowski,157-509-4157,nwaszczykowski1j@dion.ne.jp
57,57,Timothy,Sissens,978-328-0851,tsissens1k@prweb.com
58,58,Deina,Revell,889-107-0344,drevell1l@google.cn
59,59,Linea,MacFadzan,732-881-4129,lmacfadzan1m@vk.com
60,60,Bea,Lampart,106-545-0362,blampart1n@scribd.com
61,61,Nixie,Gomery,915-583-7010,ngomery1o@springer.com
62,62,Lodovico,Alison,641-530-1411,lalison1p@cnbc.com
63,63,Tova,Feldmesser,823-154-4561,tfeldmesser1q@bigcartel.com
64,64,Lucine,Canape,562-636-5618,lcanape1r@liveinternet.ru
65,65,Wernher,Spadazzi,430-547-6908,wspadazzi1s@people.com.cn
66,66,Harmonie,Swiffan,612-586-3209,hswiffan1t@last.fm
67,67,Saxe,Gierhard,590-925-2543,sgierhard1u@ed.gov
68,68,Melisenda,Roakes,797-321-5100,mroakes1v@gmpg.org
69,69,Huntley,Abrey,477-357-4143,habrey1w@geocities.jp
70,70,Ami,Derrick,895-114-5873,aderrick1x@about.com
71,71,Lexine,Janus,420-191-3374,ljanus1y@tmall.com
72,72,Willy,Canby,113-118-1441,wcanby1z@theguardian.com
73,73,Nanete,Wilshaw,265-994-0241,nwilshaw20@guardian.co.uk
74,74,Gustavo,Georgel,750-664-3034,ggeorgel21@yandex.ru
75,75,Ardath,Egre,738-695-7766,aegre22@netscape.com
76,76,Lexy,Waldram,197-897-0450,lwaldram23@weather.com
77,77,Charla,Pechet,542-307-0535,cpechet24@over-blog.com
78,78,Mathe,Tosdevin,339-103-6819,mtosdevin25@ed.gov
79,79,Donielle,Thorald,233-198-8660,dthorald26@issuu.com
80,80,Tabby,McAuslene,449-949-5432,tmcauslene27@hexun.com
81,81,Myrwyn,Huygens,438-512-8948,mhuygens28@ebay.co.uk
82,82,Camel,Canario,861-391-3610,ccanario29@behance.net
83,83,Orelia,Marnes,386-915-2765,omarnes2a@bandcamp.com
84,84,Euell,McIlmurray,940-333-1262,emcilmurray2b@cdbaby.com
85,85,Reyna,Minci,823-312-1654,rminci2c@comcast.net
86,86,Isidora,Chilley,227-227-9267,ichilley2d@facebook.com
87,87,Robbie,Bertson,706-323-5024,rbertson2e@google.com.au
88,88,Curr,Josephs,100-827-0050,cjosephs2f@google.com
89,89,Seymour,Lawrinson,894-981-7718,slawrinson2g@wp.com
90,90,Meade,Fenix,674-915-8700,mfenix2h@hao123.com
91,91,Marybeth,Randals,243-310-3520,mrandals2i@google.es
92,92,Otto,Grossier,609-550-8381,ogrossier2j@linkedin.com
93,93,Towney,Calbert,352-485-0642,tcalbert2k@a8.net
94,94,Helaina,Wroth,812-516-5262,hwroth2l@booking.com
95,95,Joy,Burman,633-822-4370,jburman2m@go.com
96,96,Lorine,Bourges,272-895-1704,lbourges2n@uol.com.br
97,97,Dilan,Gantz,151-965-1071,dgantz2o@whitehouse.gov
98,98,Derrick,Cleave,390-849-4037,dcleave2p@w3.org
99,99,Kathy,Harkins,328-843-1138,kharkins2q@google.co.jp
100,100,Dun,De Matteis,311-795-0149,ddematteis2r@aol.com
