employeeid,employeeaddressid,first_name,last_name,phone,email
1,1,Mike,Tran,713-375-7812,mitran@gmail.com
2,2,Michael,Drake,832-612-7000,midrake@gmail.com
3,3,Michelle,Travis,713-969-7723,mitravis@gmail.com
4,4,Marty,Brown,713-913-4089.33333,mabrown@gmail.com
5,5,John,Miller,713-210-4044,jomiller@gmail.com
6,6,Jill,Davis,713-507-4000.33333,jidavis@gmail.com
7,7,Mathew,Garcia,713-804-3955.83333,magarcia@gmail.com
8,8,Estella,Rodriguez,713-101-3911.33333,esrodriguez@gmail.com
9,9,Betty,Wilson,713-398-3866.83333,bewilson@gmail.com
10,10,Brenda,Jones,713-695-3822.33333,brjones@gmail.com
