﻿equipmentid,vendorid,equipmentconditionid,equipment_type,equipment_name,equipment_price
1,12,1,Appliance,Freezer,799.99
2,23,2,Appliance,Display Case,649.99
3,15,2,Appliance,Ice Cream Machine,699.99
4,26,2,Appliance,Topping Dispenser,199.99
5,11,1,Appliance,Cream Whippers,49.99
6,19,1,Appliance,Hot Fudge Warmers,499.99
7,34,1,Appliance,Waffle Cone Maker,249.99
8,22,1,Appliance,Pump Condiment Dispenser,129.99
9,6,1,Appliance,Serving Utensils,29.99
10,17,2,Appliance,Dipper Well,329.99
