flavortypeid,flavorpriceid,flavor_type
1,1,Vanilla
2,2,Chocolate
3,3,Chocolate Chip
4,4,Butter Pecan
5,5,Chcolate Chip Cookie Dough
6,6,Eggnog
7,7,Eskimo
8,8,Strawberry
9,9,Horchata
10,10,Lemon Custard
11,11,Cookies 'N Cream
12,12,Mint Chocolate Chip
13,13,Moose Tracks
14,14,Neapolitan
15,15,Cotton Candy
16,16,Butterscotch
17,17,German Chocolate Cake
18,18,Matcha
19,19,Teaberry
20,20,Ube
21,21,Peanut Butter Cup Cream
22,22,Cherry Garcia
23,23,Rocky Road
24,24,PeanutButterJelly
25,25,Mango
26,26,Pralines n Cream
27,27,Chunky Monkey
28,28,Salted Caramel
29,29,Superboy
30,30,The Tonight Dough
