streetid,street_name
1,Sachs Point
2,Summerview Drive
3,Butterfield Avenue
4,Norway Maple Hill
5,Hovde Lane
6,Sunbrook Place
7,Heffernan Street
8, Ludington Terrace
9,Goodland Avenue
10,Fieldstone Point
11,Harper Junction
12, North Avenue
13,Mitchell Junction
14,Eastlawn Terrace
15,Gordo Lane
16,Onsgard Point
17,American Point
18,Eliot Crossing
19,Forster Terrace
20,Melby Pass
21,Anzinger Lane
22,Ryan Crossing
23,Northland Point
24,Dapin Circle
25,Mendota Junction
26, Badeau Hill
27,Jackson Pass
28,Vidon Junction
29,Scofield Point
30,Mallory Road
31,Stoughton Trail
32,Gulseth Point
33,Lerdahl Junction
34,Macpherson Alley
35,Roth Drive
36,Dennis Center
37,Declaration Hill
38, Green Pass
39, North Way
40,Dryden Circle
41,Mallard Parkway
42,Buena Vista Park
43,Washington Terrace
44,Commercial Way
45,Fieldstone Park
46,Lawn Park
47, Maple Wood Drive
48,Mendota Crossing
49,Wayridge Plaza
50,Trail dr
51,Packers Drive
52,Evergreen Terrace
53,Merchant Terrace
54, Ohio Place
55, Russell Parkway
56, Bellgrove Center
57, Trail Dr
58,Algoma Way
59,Monument Crossing
60,Oneill Trail
61,Iowa Drive
62, Loeprich Court
63,Ohio Lane
64,Chivo Place
65, Sunbrook Crossing
66,Kingsford Circle
67,Logan Parkway
68,Stone Corner Court
69, Helena Pass
70,Clove Crossing
71,Grasskamp Plaza
72,Lakeland Pass
73, Court
74, Farmco Circle
75,Bayside Avenue
76, Randy Drive
77,Mcguire Terrace
78,Forest Run Point
79,Heffernan Crossing
80,Mallory Crossing
81,Sage Road
82,Mayfield Court
83,Karstens Pass
84,Erie Alley
85,Cottonwood Point
86,Kropf Lane
87, Mallory Road
88,Dwight Avenue
89,Di Loreto Park
90,Johnson Lane
91,Red Cloud Court
92,Rusk Pass
93,Arrowood Place
94,Clarendon Avenue
95,Monument Alley
96,Vermont Center
97,Center Parkway
98,Barby Park
99,Eastwood Crossing
100,Prairie Rose Plaza
