vendorid,vendoraddressid,first_name,last_name,phone,email
1,1,Gaylene,Killingbeck,240-569-3742,gkillingbeck0@wix.com
2,2,Xaviera,Tuckey,130-114-8146,xtuckey1@hc360.com
3,3,Godfrey,Burland,563-878-9316,gburland2@blogs.com
4,4,Liva,Spellsworth,171-608-7085,lspellsworth3@epa.gov
5,5,Sibley,Leuren,523-272-9079,sleuren4@nbcnews.com
6,6,Nick,Titmarsh,363-746-8123,ntitmarsh5@spiegel.de
7,7,Tommy,Bompass,928-948-8898,tbompass6@clickbank.net
8,8,Katharina,Kinleyside,390-635-4061,kkinleyside7@sun.com
9,9,Sullivan,Filippello,952-310-5773,sfilippello8@ovh.net
10,10,Enriqueta,Jellico,554-178-9611,ejellico9@vk.com
11,11,Anatola,Antrag,966-124-7120,aantraga@privacy.gov.au
12,12,Mannie,Docker,238-321-2211,mdockerb@slideshare.net
13,13,Andree,Polhill,112-592-4493,apolhillc@cloudflare.com
14,14,Werner,Tumpane,173-540-4256,wtumpaned@hud.gov
15,15,Michelle,Easterfield,707-753-3850,measterfielde@is.gd
16,16,Janene,Scole,243-411-0411,jscolef@163.com
17,17,Hedvige,Laister,384-828-4143,hlaisterg@gov.uk
18,18,Armand,Hilbourne,226-286-2087,ahilbourneh@cbc.ca
19,19,Northrop,Darragh,193-961-2509,ndarraghi@loc.gov
20,20,Leigha,Prahl,691-257-7882,lprahlj@paginegialle.it
21,21,Enrichetta,Sproule,914-893-2132,esproulek@salon.com
22,22,Leanna,Stoving,464-399-0264,lstovingl@house.gov
23,23,Geoffry,Baltzar,711-839-8224,gbaltzarm@noaa.gov
24,24,Rodger,Huey,926-517-0878,rhueyn@seesaa.net
25,25,Aristotle,Maleby,900-865-9890,amalebyo@cdc.gov
26,26,Nadine,Dewfall,506-636-1482,ndewfallp@twitpic.com
27,27,Tito,Arling,860-952-0481,tarlingq@usa.gov
28,28,Dotty,Quipp,950-743-8563,dquippr@dot.gov
29,29,Valene,Crambie,153-290-1052,vcrambies@uiuc.edu
30,30,Consuelo,Stiling,368-515-1404,cstilingt@unesco.org
31,31,Timmy,Walkley,168-408-0780,twalkleyu@blogtalkradio.com
32,32,Parker,McGroarty,202-827-8942,pmcgroartyv@gov.uk
33,33,Nettie,Ellicombe,300-191-1298,nellicombew@wikispaces.com
34,34,Carissa,Getch,767-667-0174,cgetchx@youku.com
35,35,Anett,Vasyutichev,643-291-9718,avasyutichevy@sbwire.com
36,36,Javier,Sellman,102-968-9109,jsellmanz@admin.ch
37,37,Mycah,Children,160-482-5680,mchildren10@tuttocitta.it
38,38,Adelice,Pinnion,434-546-6659,apinnion11@howstuffworks.com
39,39,Belita,Shilvock,972-972-2857,bshilvock12@msu.edu
40,40,Weston,Munns,387-248-6244,wmunns13@paginegialle.it
41,41,Rachel,Snelle,305-250-1783,rsnelle14@ezinearticles.com
42,42,Bary,Sabater,120-230-9997,bsabater15@netlog.com
43,43,Adelaida,Fanning,532-633-7379,afanning16@irs.gov
44,44,Shaina,Straneo,211-710-1063,sstraneo17@reverbnation.com
45,45,Trudie,Raoult,792-345-7843,traoult18@google.pl
46,46,Helga,Artus,845-963-7279,hartus19@mapquest.com
47,47,Euphemia,Sunock,741-574-9529,esunock1a@yale.edu
48,48,Benjamin,Pilgram,945-474-2493,bpilgram1b@auda.org.au
49,49,Floria,Stubbert,412-660-3763,fstubbert1c@google.com
50,50,Danie,Laughlin,560-842-0498,dlaughlin1d@vk.com
51,51,Richmound,Magnay,502-384-6224,rmagnay1e@slashdot.org
52,52,Mateo,Bisco,320-771-5649,mbisco1f@amazon.de
53,53,Guido,Breagan,355-506-6787,gbreagan1g@shutterfly.com
54,54,Aylmar,Rutter,986-508-5956,arutter1h@chronoengine.com
55,55,Lizbeth,Pennings,352-668-8280,lpennings1i@tamu.edu
56,56,Orton,O'Duilleain,298-307-5608,ooduilleain1j@mozilla.com
57,57,Linoel,Oke,719-549-2799,loke1k@photobucket.com
58,58,Myrta,Marshallsay,622-441-4431,mmarshallsay1l@mozilla.org
59,59,Cordi,Tippin,291-798-2445,ctippin1m@nyu.edu
60,60,Almira,Weems,356-390-2768,aweems1n@geocities.com
61,61,Fawn,Luce,891-404-2910,fluce1o@umich.edu
62,62,Gaylene,Abramson,775-748-9598,gabramson1p@exblog.jp
63,63,Korry,Storr,462-532-4106,kstorr1q@instagram.com
64,64,Beau,Midlar,546-202-0360,bmidlar1r@tmall.com
65,65,Garry,Freeman,322-832-9946,gfreeman1s@tuttocitta.it
66,66,Wilden,Blampey,581-125-3772,wblampey1t@icq.com
67,67,Revkah,Dayborne,889-696-0962,rdayborne1u@forbes.com
68,68,Lorrayne,Kerr,993-142-7976,lkerr1v@freewebs.com
69,69,Pieter,Matyashev,229-479-9743,pmatyashev1w@reference.com
70,70,Nefen,Doone,588-512-1755,ndoone1x@princeton.edu
71,71,Etty,Eisikowitz,464-721-1053,eeisikowitz1y@paginegialle.it
72,72,Morganne,Scollard,707-422-1241,mscollard1z@wordpress.com
73,73,Camille,Brea,817-945-6709,cbrea20@360.cn
74,74,Dennie,Gofforth,748-570-0908,dgofforth21@cmu.edu
75,75,Johan,Sonnenschein,941-301-2642,jsonnenschein22@bbb.org
76,76,Alameda,Fooks,499-517-1321,afooks23@taobao.com
77,77,Brett,Aggs,807-163-2627,baggs24@e-recht24.de
78,78,Jacinthe,Pickford,413-218-8628,jpickford25@cargocollective.com
79,79,Linda,Kegan,779-464-3175,lkegan26@zimbio.com
80,80,Audrey,Binning,130-327-2186,abinning27@fda.gov
81,81,Willamina,Gissing,971-554-0729,wgissing28@sciencedaily.com
82,82,Sonia,Paradine,778-947-3330,sparadine29@nbcnews.com
83,83,Noell,Gabey,720-621-2044,ngabey2a@narod.ru
84,84,Candace,Tineman,537-208-0039,ctineman2b@alexa.com
85,85,Janifer,Bradtke,212-320-3030,jbradtke2c@hhs.gov
86,86,Flss,Oats,317-575-4886,foats2d@fema.gov
87,87,Ilyssa,Gerrett,214-880-7927,igerrett2e@tiny.cc
88,88,Branden,Carlin,472-719-3970,bcarlin2f@loc.gov
89,89,Redford,Waitland,586-194-6504,rwaitland2g@blogspot.com
90,90,Chery,Winsborrow,496-743-3204,cwinsborrow2h@is.gd
91,91,Simmonds,Oxbie,247-296-6187,soxbie2i@is.gd
92,92,Tirrell,Prover,892-131-4718,tprover2j@census.gov
93,93,Abbe,Plevin,374-603-9331,aplevin2k@prnewswire.com
94,94,Brade,Keemer,589-217-2346,bkeemer2l@histats.com
95,95,Virgilio,McKoy,747-970-5465,vmckoy2m@phpbb.com
96,96,Hazlett,Lortz,919-591-1748,hlortz2n@ebay.co.uk
97,97,Barton,Strodder,906-134-8536,bstrodder2o@who.int
98,98,Vivi,Veall,186-537-7529,vveall2p@alibaba.com
99,99,Genevieve,Spaldin,458-435-0424,gspaldin2q@columbia.edu
100,100,Dory,Tingey,460-496-6689,dtingey2r@imgur.com